,link,meal-category,ingredients,total-time,servings,cook-time,prep-time
0,https://www.allrecipes.com/recipe/60515/okra-patties,['SIDE DISH'],"['3 cups vegetable oil for frying', '1 pound okra, finely chopped', '1 cup finely chopped onion', '½ cup water', '1 egg', '1 teaspoon salt', '¼ teaspoon pepper', '½ cup all-purpose flour', '½ cup cornmeal', '1 teaspoon baking powder']",['30 mins'],['6'],['10 mins'],['20 mins']
1,https://www.allrecipes.com/recipe/231457/pesto-spaghetti-squash,['SQUASH'],"['1 spaghetti squash, halved lengthwise and seeded', '3 tablespoons butter, divided', '1 onion, sliced', '4 white mushrooms, sliced', '1 cup kale, stems removed and leaves chopped', '1 teaspoon garlic salt', '1 teaspoon Italian seasoning', '1 teaspoon red pepper flakes', '2 tablespoons prepared pesto', '1 teaspoon olive oil', '¼ cup grated Parmesan cheese']",['10 mins'],['1 hr 40 mins'],['1 hr 5 mins'],['25 mins']
2,https://www.allrecipes.com/recipe/234943/peanut-butter-popcorn-balls,['CANDY RECIPES'],"['1 cup brown sugar', '⅔ cup white corn syrup', '¼ cup butter', '1 cup peanut butter', '20 cups popped popcorn']",['30 mins'],['55 mins'],['5 mins'],['20 mins']
3,https://www.allrecipes.com/recipe/231819/perfect-butternut-squash-muffins,['QUICK BREAD RECIPES'],"['1 small butternut squash', '3 eggs', '½ cup water', '½ cup vegetable oil', '½ cup white sugar', '½ cup brown sugar', '2 cups whole wheat flour', '1 cup all-purpose flour', '1 ½ teaspoons baking powder', '1 ½ teaspoons baking soda', '1 ½ teaspoons ground cinnamon', '½ teaspoon salt', '½ teaspoon nutmeg', '½ teaspoon ground cloves', '½ teaspoon pumpkin pie spice', '¼ cup raisins (Optional)', '¼ cup chopped walnuts (Optional)']",['55 mins'],['10'],['35 mins'],['20 mins']
4,https://www.allrecipes.com/recipe/74346/pickled-corn-on-the-cob,['SAUCES AND CONDIMENTS'],"['6 ears corn, husked, cleaned and quartered', '1 tablespoon salt', '3 cups white vinegar', '1 cup white sugar', '1 tablespoon pickling spice', '2 bay leaves', '1 (3 inch) cinnamon stick']",['30 mins'],['12'],['15 mins'],['15 mins']
5,https://www.allrecipes.com/recipe/259193/roasted-tajin-pumpkin-seeds,['APPETIZERS AND SNACKS'],"['1 teaspoon vegetable oil', '6 cups water', '1 cup raw pumpkin seeds', '1 teaspoon salt', '1 tablespoon chili-lime seasoning (such as Tajin)']",['55 mins'],['4'],['45 mins'],['10 mins']
6,https://www.allrecipes.com/recipe/256988/rye-bread-boat-dip,['APPETIZERS AND SNACKS'],"['3 cups sour cream', '3 cups mayonnaise', '2 (2 ounce) packages dried chipped beef', '2 tablespoons chopped fresh parsley', '2 tablespoons minced onion', '2 teaspoons seasoned salt', '2 teaspoons chopped fresh dill', '1 (1 pound) loaf rye bread']",['1 day 10 mins'],['20'],['1 day'],['10 mins']
7,https://www.allrecipes.com/recipe/93779/rustic-autumn-fruit-tart,['PIES'],"['1 ½ cups all-purpose flour', '½ cup butter, chilled', '½ cup cream cheese', '2 apples, peeled, cored, and thinly sliced', '1 pear, peeled, cored and sliced', '¼ cup orange juice', '⅓ cup brown sugar', '1 ½ tablespoons cornstarch', '½ teaspoon ground cinnamon', '¼ teaspoon ground nutmeg', '¼ teaspoon ground cardamom', '½ cup apricot jam, warmed']",['1 hr'],['1 hr 45 mins'],['30 mins'],['15 mins']
8,https://www.allrecipes.com/recipe/66130/rummage-relish,['SIDE DISH'],"['8 cups cored and chopped green tomatoes', '4 cups peeled, cored and chopped red tomatoes', '4 cups chopped cabbage', '3 cups chopped onion', '2 cups chopped cucumber', '1 cup chopped green bell pepper', '1 cup chopped red bell pepper', '½ cup salt', '2 quarts vinegar', '4 cups brown sugar', '1 tablespoon celery seed', '1 tablespoon ground cinnamon', '1 tablespoon mustard seed', '2 cloves garlic, minced', '1 teaspoon ground ginger', '½ teaspoon ground cloves']",['12 hrs'],['13 hrs 25 mins'],['55 mins'],['30 mins']
9,https://www.allrecipes.com/recipe/63912/korean-cucumber-salad,['SALAD'],"['¼ cup white vinegar', '¼ teaspoon black pepper', '½ teaspoon red pepper flakes', '1 teaspoon vegetable oil', '2 tablespoons sesame seeds', '1 cucumber, thinly sliced', '½ green onion, sliced', '½ carrot, julienned']",['25 mins'],['2'],['5 mins'],['20 mins']
10,https://www.allrecipes.com/recipe/18008/pork-apple-burgers,['MEAT AND POULTRY'],"['2 pounds ground pork', '1 Granny Smith apple - peeled, cored and chopped', '1 sweet onion, finely chopped', '3 cloves garlic, minced', '¼ cup teriyaki sauce', '1 egg', '8 hamburger buns', '1 (20 ounce) can sliced pineapple, drained']",['30 mins'],['8'],['10 mins'],['20 mins']
11,https://www.allrecipes.com/recipe/222593/pan-fried-chicken-with-spinach-and-pine-nuts,['ITALIAN'],"['1 cup brown rice', '2 cups water', '1 tablespoon olive oil', '4 skinless, boneless chicken breast halves, pounded 1/2-inch thick', 'coarse salt to taste', '2 tablespoons olive oil', '2 cloves garlic, chopped', '1 pinch red pepper flakes, or to taste', '1 bunch fresh spinach leaves, trimmed and rinsed', '2 tablespoons pine nuts', '2 tablespoons crumbled goat cheese', '½ lemon, juiced']",['1 hr'],['4'],['45 mins'],['15 mins']
12,https://www.allrecipes.com/recipe/259737/vegan-pumpkin-cheesecake-with-gingersnap-pecan-crust,['CAKES'],"['1 cup finely chopped pecans', '1 cup crushed vegan gingersnap cookies', '3 tablespoons margarine, melted', '1 pound non-dairy cream cheese', '1 (15 ounce) can pumpkin puree', '1 cup white sugar', '½ (12 ounce) package silken tofu, drained', '3 tablespoons unbleached all-purpose flour', '1 ½ teaspoons ground cinnamon', '½ teaspoon ground nutmeg', '½ teaspoon ground ginger', '¼ teaspoon ground cloves', '¼ teaspoon baking soda', '⅛ teaspoon salt, or to taste']",['6 hrs 30 mins'],['7 hrs 40 mins'],['50 mins'],['20 mins']
13,https://www.allrecipes.com/recipe/8358/apple-cake-iv,['DESSERTS'],"['5 apples - peeled, cored and sliced', '2 cups all-purpose flour', '½ teaspoon salt', '4 teaspoons ground cinnamon', '4 teaspoons baking powder', '4 large eggs', '2 cups white sugar', '1 cup vegetable oil', '2 teaspoons vanilla extract', '1 cup chopped walnuts', '4 teaspoons white sugar', '1 teaspoon ground cinnamon']",['1 hr 15 mins'],['24'],['50 mins'],['25 mins']
14,https://www.allrecipes.com/recipe/275679/air-fryer-mushrooms,['SIDE DISH'],"['1 (8 ounce) package cremini mushrooms, halved or quartered', '2 tablespoons avocado oil', '1 teaspoon low-sodium soy sauce (such as Bragg®)', '½ teaspoon garlic granules', 'salt and ground black pepper to taste']",['15 mins'],['2'],['10 mins'],['5 mins']
15,https://www.allrecipes.com/recipe/236378/roasted-tomato-soup,['SOUP RECIPES'],"['3 pounds roma (plum) tomatoes, quartered', '1 yellow onion, halved and quartered', '½ red bell pepper, chopped', '3 tablespoons olive oil', '1 tablespoon sea salt', '1 ½ teaspoons freshly ground black pepper', '3 cloves garlic, halved', '5 cups low-sodium chicken broth', '2 teaspoons dried basil', '1 teaspoon dried parsley']",['1 hr'],['6'],['50 mins'],['10 mins']
16,https://www.allrecipes.com/recipe/57459/oven-scrambled-eggs,['BREAKFAST AND BRUNCH'],"['½ cup butter, melted', '24 large eggs', '2 ¼ teaspoons salt', '2 ½ cups milk']",['30 mins'],['12'],['20 mins'],['10 mins']
17,https://www.allrecipes.com/recipe/269890/air-fryer-roasted-veggies,['VEGETABLES'],"['½ cup diced zucchini', '½ cup diced summer squash', '½ cup diced mushrooms', '½ cup diced cauliflower', '½ cup diced asparagus', '½ cup diced sweet red pepper', '2 teaspoons vegetable oil', '¼ teaspoon salt', '¼ teaspoon ground black pepper', '1/4 teaspoon seasoning, or more to taste']",['30 mins'],['4'],['10 mins'],['20 mins']
18,https://www.allrecipes.com/recipe/280901/chef-johns-salisbury-steak,['MAIN DISHES'],"['1 pound 85% lean ground beef', '½ cup plain bread crumbs', '1 large egg, beaten', '2 tablespoons ketchup', '1 tablespoon Worcestershire sauce', '1 teaspoon dry mustard', '1 teaspoon soy sauce', '½ teaspoon freshly ground black pepper', '1 pinch cayenne pepper, or to taste', '2 tablespoons salted butter', '2 tablespoons salted butter', '12 large white button mushrooms, sliced', '1 cup diced onion', 'salt to taste', '2 tablespoons all-purpose flour', '3 cups high-quality, low-sodium beef broth', '2 tablespoons ketchup', '1 tablespoon Worcestershire sauce']",['2 hrs'],['2 hrs 35 mins'],['15 mins'],['20 mins']
19,https://www.allrecipes.com/recipe/214724/coffee-jelly,['GLOBAL CUISINES'],"['2 tablespoons hot water', '1 (.25 ounce) package unflavored gelatin', '2 cups fresh brewed coffee', '3 tablespoons white sugar']",['6 hrs'],['6 hrs 10 mins'],['5 mins'],['5 mins']
20,https://www.allrecipes.com/recipe/244767/cinnamon-roll-pancakes,['BREAKFAST AND BRUNCH'],"['¾ cup milk', '2 tablespoons white distilled vinegar', '1 cup all-purpose flour', '2 tablespoons white sugar', '1 teaspoon baking powder', '½ teaspoon baking soda', '½ teaspoon salt', '1 large egg', '2 tablespoons butter, melted', '1 ½ teaspoons vanilla extract', '5 ½ tablespoons packed brown sugar', '¼ cup butter, melted', '1 ½ teaspoons ground cinnamon', '¼ cup butter, softened', '2 ounces cream cheese, at room temperature', ""¾ cup confectioners' sugar"", '½ teaspoon vanilla extract', 'cooking spray']",['15 mins'],['55 mins'],['10 mins'],['30 mins']
21,https://www.allrecipes.com/recipe/14968/bacon-wrapped-water-chestnuts-iii,['APPETIZERS AND SNACKS'],"['2 cups ketchup', '1 cup packed brown sugar', '2 tablespoons Worcestershire sauce', '1 pound bacon', '2 (8 ounce) cans water chestnuts, drained']",['55 mins'],['9'],['40 mins'],['15 mins']
22,https://www.allrecipes.com/recipe/173309/classic-caramel-corn,['CANDY RECIPES'],"['Mazola Pure Cooking Spray', '4 quarts popped popcorn', '1 cup brown sugar', '½ cup Karo Light or Dark Corn Syrup', '½ cup butter', '½ teaspoon salt', '1 teaspoon Spice Islands Pure Vanilla Extract', '½ teaspoon baking soda']",['1 hr'],['8'],['45 mins'],['15 mins']
23,https://www.allrecipes.com/recipe/285159/easy-peach-cobbler-with-canned-peaches,['DESSERTS'],"['2 (29 ounce) cans sliced peaches in juice', '2 cups all-purpose flour', '1 cup sugar', '¾ cup unsalted butter, softened', '1 cup chopped pecans']",['55 mins'],['16'],['45 mins'],['10 mins']
24,https://www.allrecipes.com/recipe/16239/easy-slow-cooker-french-dip,['MAIN DISHES'],"['4 pounds rump roast', '1 (12 fluid ounce) can or bottle beer', '1 (10.5 ounce) can condensed French onion soup', '1 (10.5 ounce) can beef broth', '9 French bread rolls', '2 tablespoons butter']",['7 hrs 10 mins'],['9'],['7 hrs'],['10 mins']
25,https://www.allrecipes.com/recipe/229166/grilled-veggie-skewers,['BBQ & GRILLING RECIPES'],"['1 fresh pineapple, cut into chunks', '2 medium zucchinis, cut into 1-inch slices', '2 medium yellow squash, cut into 1-inch slices', '½ pound whole fresh mushrooms', '1 medium red onion, cut into chunks', '12 cherry tomatoes', '1 medium red bell pepper, cut into chunks', '8 bamboo skewers, soaked in water for 20 minutes', '⅓ cup olive oil', '1 ½ teaspoons dried basil', '¾ teaspoon dried oregano', '½ teaspoon salt', '⅛ teaspoon ground black pepper']",['20 mins'],['4'],['10 mins'],['10 mins']
26,https://www.allrecipes.com/recipe/277008/cherry-dump-cake,['CAKES'],"['2 (21 ounce) cans cherry pie filling', '1 (15.25 ounce) package white cake mix', '1/4 cup butter, melted', '1/2 cup coarsely chopped pecans']",['45 mins'],['12'],['35 mins'],['10 mins']
27,https://www.allrecipes.com/recipe/256348/quick-and-easy-baked-fish-fillet,['SEAFOOD'],"['1 pound flounder fillets', '½ teaspoon salt', 'ground black pepper to taste', '1 tablespoon lemon juice', '2 teaspoons melted butter', '1 teaspoon minced onion']",['35 mins'],['3'],['25 mins'],['10 mins']
28,https://www.allrecipes.com/recipe/19954/hungarian-goulash-i,"['SOUPS, STEWS AND CHILI RECIPES']","['⅓ cup vegetable oil', '3 onions, sliced', '2 tablespoons Hungarian sweet paprika', '3 teaspoons salt, divided', '½ teaspoon ground black pepper', '3 pounds beef stew meat, cut into 1 1/2 inch cubes', '1 ½ cups water', '1 (6 ounce) can tomato paste', '1 clove garlic, minced']",['2 hrs 15 mins'],['8'],['2 hrs'],['15 mins']
29,https://www.allrecipes.com/recipe/238544/fish-taco-sauce,['SIDE DISH'],"['3 tablespoons sour cream', '2 tablespoons mayonnaise', '1 tablespoon lime juice', '½ teaspoon garlic powder', '½ teaspoon Sriracha sauce']",['6'],[None],['10 mins'],['10 mins']
30,https://www.allrecipes.com/recipe/278314/easy-homemade-meatballs,['ITALIAN'],"['1 pound ground beef', '1 egg', '½ cup Italian-seasoned bread crumbs', '¼ cup grated Parmesan cheese', '4 teaspoons garlic powder, or to taste', '2 tablespoons Italian seasoning, or to taste', '2 teaspoons olive oil', '1 (28 ounce) jar marinara sauce']",['40 mins'],['4'],['25 mins'],['15 mins']
31,https://www.allrecipes.com/recipe/13658/cornbread-casserole,['SIDE DISH'],"['¼ pound butter, melted', '1 (15-ounce) can whole kernel corn, drained', '1 (15-ounce) can creamed corn', '1 (8.5-ounce) package corn bread mix', '2 tablespoons sour cream']",['1 hr 5 mins'],['6'],['1 hr'],['5 mins']
32,https://www.allrecipes.com/recipe/8820/cream-of-mushroom-chicken,['MEAT AND POULTRY'],"['2 tablespoons butter', '1 (12 fluid ounce) can evaporated milk', '1 (10.5 ounce) can condensed cream of mushroom soup', '1 ¼ cups water, or as needed', '1 onion, chopped', 'salt and pepper to taste', '2 pounds skinless, boneless chicken breast halves, cubed', '1 (6 ounce) can sliced mushrooms, drained']",['40 mins'],['8'],['30 mins'],['10 mins']
33,https://www.allrecipes.com/recipe/132351/fabulous-beef-tenderloin,['MAIN DISHES'],"['1 (3 pound) beef tenderloin roast', '¾ cup soy sauce', '½ cup melted butter']",['10 mins'],['1 hr'],['45 mins'],['5 mins']
34,https://www.allrecipes.com/recipe/23998/a-good-easy-garlic-chicken,['CHICKEN'],"['3 tablespoons butter', '4 skinless, boneless chicken breast halves', '2 teaspoons garlic powder or to taste', '1 teaspoon seasoning salt or to taste', '1 teaspoon onion powder or to taste']",['25 mins'],['4'],['15 mins'],['10 mins']
35,https://www.allrecipes.com/recipe/85504/dry-ranch-style-seasoning-for-dip-or-dressing,['SALAD'],"['1 teaspoon dried parsley', '1 teaspoon seasoned salt', '¾ teaspoon ground black pepper', '½ teaspoon garlic powder', '¼ teaspoon onion powder', '⅛ teaspoon dried thyme']",['12'],['1 tablespoon'],['5 mins'],['5 mins']
36,https://www.allrecipes.com/recipe/275053/instant-pot-pinto-beans-no-soaking,['SIDE DISH'],"['3 slices bacon', '4 cups chicken broth', '1 pound dried pinto beans, rinsed', '1 ½ cups water', '½ cup chopped onions, or to taste (Optional)', '2 green chile peppers', '1 ¼ teaspoons garlic powder', '1 ¼ teaspoons kosher salt', '1 teaspoon chili powder', '½ teaspoon ground cumin', '½ teaspoon paprika']",['10 mins'],['1 hr 25 mins'],['1 hr'],['15 mins']
37,https://www.allrecipes.com/recipe/219077/chef-johns-perfect-mashed-potatoes,['SIDE DISH'],"['3 large russet potatoes, peeled and halved lengthwise', '1/2 cup whole milk', '1/4 cup butter', 'salt and ground black pepper to taste']",['45 mins'],['4'],['25 mins'],['20 mins']
38,https://www.allrecipes.com/recipe/11298/grammas-date-squares,['COOKIES'],"['1 ½ cups rolled oats', '1 ½ cups sifted pastry flour', '1 ⅓ cups packed brown sugar, divided', '¾ teaspoon baking soda', '¼ teaspoon salt', '¾ cup butter, softened', '¾ pound pitted dates, diced', '1 cup water', '1 teaspoon lemon juice']",['50 mins'],['12'],['25 mins'],['25 mins']
39,https://www.allrecipes.com/recipe/245638/reverse-sear-prime-rib-roast,['MEAT AND POULTRY'],"['1 (10 pound) bone-in standing rib roast', '2 tablespoons kosher salt', '½ cup butter, softened', '3 tablespoons chopped fresh rosemary', '2 tablespoons chopped fresh thyme', 'ground black pepper to taste']",['8 hrs 20 mins'],['12 hrs 15 mins'],['3 hrs 40 mins'],['15 mins']
40,https://www.allrecipes.com/recipe/236822/tempura-batter,['GLOBAL CUISINES'],"['2 egg whites', '1 cup all-purpose flour, sifted', '⅔ cup very cold water or chilled sparkling water']",['6'],[None],['10 mins'],['10 mins']
41,https://www.allrecipes.com/recipe/239616/buffalo-cauliflower,['APPETIZERS AND SNACKS'],"['olive oil cooking spray', '1 cup water', '¾ cup gluten-free baking flour (such as Premium Gold® Flax and Ancient Grains All-Purpose Flour)', '½ teaspoon garlic powder, or to taste', 'salt and ground black pepper to taste', '2 heads cauliflower, cut into bite-size pieces', '2 tablespoons butter', ""½ cup hot pepper sauce (such as Frank's RedHot®)"", '1 teaspoon honey']",['10 mins'],['55 mins'],['30 mins'],['15 mins']
42,https://www.allrecipes.com/recipe/239712/blueberry-simple-syrup,['SIDE DISH'],"['1 cup blueberries', '1 cup warm water', '1 cup white sugar', '1 teaspoon lemon juice']",['35 mins'],['12'],['20 mins'],['15 mins']
43,https://www.allrecipes.com/recipe/73155/porridge,['BREAKFAST AND BRUNCH'],"['2 ½ cups water', '1 cup rolled oats', '1 tablespoon white sugar, or to taste (Optional)', '1 teaspoon salt, or to taste (Optional)', '2 bananas, sliced', '1 pinch ground cinnamon', '½ cup cold milk (Optional)']",['15 mins'],['4'],['10 mins'],['5 mins']
44,https://www.allrecipes.com/recipe/75710/sandys-summer-sausage,['MAIN DISHES'],"['2 pounds ground beef', '2 tablespoons mustard seed', '2 tablespoons liquid smoke flavoring', '2 tablespoons sugar-based curing mixture (such as Morton Tender Quick)', '1 tablespoon garlic powder', '1 teaspoon coarse ground black pepper']",['1 day 12 hrs 30 mins'],['1 day 14 hrs 15 mins'],['1 hr 30 mins'],['15 mins']
45,https://www.allrecipes.com/recipe/149896/samhain-pumpkin-bread,['BREAD'],"['1 ¾ cups all-purpose flour', '1 ½ cups white sugar', '1 ½ teaspoons ground cinnamon', '1 teaspoon baking soda', '½ teaspoon ground nutmeg', '½ teaspoon ground allspice', '½ teaspoon ground cloves', '¾ teaspoon salt', '1 (15 ounce) can canned pumpkin', '2 eggs', '⅓ cup water', '¼ cup vegetable oil', '1 teaspoon vanilla extract', '½ cup chopped walnuts']",['20 mins'],['1 hr 30 mins'],['50 mins'],['20 mins']
46,https://www.allrecipes.com/recipe/273458/sausage-stuffed-zucchini-boats,['MAIN DISHES'],"['2 medium zucchini', ""½ pound mild sausage (such as Odom's Tennessee Pride Mild Country Sausage)"", ""⅓ pound hot sausage (such as Odom's Tennessee Pride Hot Country Sausage)"", '1 tablespoon butter', '3 mushrooms, finely diced, or more to taste', '¼ small onion, diced', '½ stalk celery, diced', '1 clove garlic, minced', '1 slice gluten-free bread, crumbled', '1 tablespoon water, or as needed', '½ medium tomato, diced (Optional)', '2 tablespoons grated Parmesan cheese', '4 slices pepper Jack cheese', '½ tablespoon chopped fresh parsley']",['1 hr 20 mins'],['4'],['50 mins'],['30 mins']
47,https://www.allrecipes.com/recipe/8482689/big-batch-freezer-dirty-martini,['DRINKS RECIPES'],"['1 liter vodka', '4 fluid ounces vermouth', '2 fluid ounces water', '1 to 1 1/2 fluid ounces olive brine', 'olives for garnish']",['4 hrs 5 mins'],['8'],['4 hrs'],['5 mins']
48,https://www.allrecipes.com/recipe/235785/sarahs-frozen-pumpkin-spice-cocktail,['FRUITS AND VEGETABLES'],"['8 cubes ice cubes', '¼ cup heavy whipping cream', '¼ cup milk', '¼ cup pumpkin purée', '¼ cup pumpkin spice coffee-flavored liqueur (such as Kahlua)', '½ teaspoon pumpkin pie spice']",['2'],[None],['10 mins'],['10 mins']
49,https://www.allrecipes.com/recipe/215184/blueberry-smoothie,['DRINKS RECIPES'],"['1 cup blueberries (frozen or fresh)', '1 (8 ounce) container plain yogurt', '¾ cup 2% reduced-fat milk', '2 tablespoons white sugar', '½ teaspoon vanilla extract', '⅛ teaspoon ground nutmeg']",['2'],[None],['5 mins'],['5 mins']
50,https://www.allrecipes.com/recipe/13430/santa-fe-soup,"['SOUPS, STEWS AND CHILI RECIPES']","['1 pound ground beef', '2 (15 ounce) cans ranch-style beans', '1 pound processed cheese food (eg. Velveeta), cubed', '1 (15.25 ounce) can whole kernel corn', '1 (14.5 ounce) can peeled and diced tomatoes', '1 (10 ounce) can diced tomatoes with green chile peppers', '1 onion, chopped']",[None],[None],[None],['8']
51,https://www.allrecipes.com/recipe/246951/santa-fe-hatch-chile-green-sauce,['SIDE DISH'],"['6 ounces Hatch chile peppers, halved and seeded', '3 tablespoons corn oil', '1 cup chopped onion', '2 teaspoons minced garlic', '2 tablespoons all-purpose flour', '2 cups beef broth', '1 teaspoon salt']",['15 mins'],['55 mins'],['30 mins'],['10 mins']
52,https://www.allrecipes.com/recipe/152262/scotch-bonnet-hot-sauce,['SIDE DISH'],"['18 fresh Scotch bonnet peppers, sliced and seeded', '6 fresh jalapeño peppers, sliced', '½ cup minced onion', '6 cloves garlic, crushed', '1 teaspoon vegetable oil', '¾ teaspoon salt', '2 cups water', '¼ cup distilled white vinegar', '2 tablespoons white sugar']",['45 mins'],['32'],['25 mins'],['20 mins']
53,https://www.allrecipes.com/recipe/55091/savory-toasted-pumpkin-seeds,['APPETIZERS AND SNACKS'],"['2 cups raw pumpkin seeds', '1 ½ teaspoons Worcestershire sauce', '1 ½ tablespoons butter, melted', '1 ¼ teaspoons seasoned salt']",['1 hr 10 mins'],['16'],['1 hr'],['10 mins']
54,https://www.allrecipes.com/recipe/204813/savory-cheddar-zucchini-muffins,['BREAD'],"['1 ¾ cups all-purpose flour', '1 ½ teaspoons baking powder', '1 teaspoon baking soda', '½ teaspoon salt', '1 cup milk', '1 cup shredded unpeeled zucchini', '¼ cup butter, melted', '1 egg, lightly beaten', '1 clove garlic, minced', '¾ cup shredded Cheddar cheese', '¼ cup freshly grated Parmesan cheese', '4 slices bacon, cooked crisp and crumbled']",['10 mins'],['55 mins'],['30 mins'],['15 mins']
55,https://www.allrecipes.com/recipe/49355/gin-and-tonic,['DRINKS RECIPES'],"['4 cubes ice', '2 fluid ounces gin', '4 fluid ounces tonic water', '1 tablespoon fresh lime juice', '1 lime wedge']",['1'],[None],['5 mins'],['5 mins']
56,https://www.allrecipes.com/recipe/8796/moms-chicken-cacciatore,['MAIN DISHES'],"['2 cups all-purpose flour for coating', '½ teaspoon salt', '¼ teaspoon ground black pepper', '1 (4 pound) chicken, cut into pieces', '2 tablespoons vegetable oil', '1 onion, chopped', '1 green bell pepper, chopped', '2 cloves garlic, minced', '1 (14.5 ounce) can diced tomatoes', '½ cup white wine', '½ teaspoon dried oregano', '2 cups fresh mushrooms, quartered', 'salt and pepper to taste', 'fresh basil leaves to garnish']",['1 hr 15 mins'],['8'],['1 hr'],['15 mins']
57,https://www.allrecipes.com/recipe/90426/tuna-pasta-salad-with-dill,['SALAD'],"['1 (16 ounce) package small uncooked seashell pasta', '1 ½ cups mayonnaise', '½ cup milk', '2 tablespoons pickle juice', '2 teaspoons dried dill weed', '1 teaspoon salt', '⅛ teaspoon ground black pepper', '2 (5 ounce) cans tuna packed in water, drained', '½ cup chopped onion (Optional)']",['1 hr'],['1 hr 25 mins'],['10 mins'],['15 mins']
58,https://www.allrecipes.com/recipe/153927/stuffed-chicken-breasts-with-cornbread-dressing,['MEAT AND POULTRY'],"['6 skinless, boneless chicken breasts', 'salt and ground black pepper to taste', '2 tablespoons butter', '1 small onion, chopped', '½ green bell pepper, seeded and chopped', '2 chicken livers, trimmed and chopped', '2 cloves garlic, minced', '1 teaspoon dried sage', '1 cup chicken broth', '½ teaspoon salt', '½ teaspoon ground black pepper', '4 cups cornbread crumbs', '1 (10.5 ounce) can condensed cream of chicken soup', '½ cup water']",['1 hr 30 mins'],['6'],['1 hr 5 mins'],['25 mins']
59,https://www.allrecipes.com/recipe/283007/braised-baby-bok-choy,['FRUITS AND VEGETABLES'],"['1 tablespoon extra-virgin olive oil', '4 large heads baby bok choy, halved lengthwise', '¼ cup chicken stock', '3 tablespoons soy sauce']",['20 mins'],['4'],['15 mins'],['5 mins']
60,https://www.allrecipes.com/recipe/145662/moroccan-mashed-potatoes,['SIDE DISH'],"['10 large baking potatoes, peeled and cubed', '3 tablespoons olive oil, divided, more as needed or to taste', '1 onion, diced', '1 tablespoon ground turmeric', '1 tablespoon salt, or to taste', '2 teaspoons ground black pepper', '½ teaspoon ground cumin']",['40 mins'],['32'],['20 mins'],['20 mins']
61,https://www.allrecipes.com/recipe/277678/spicy-maple-breakfast-sausage,['MEAT AND POULTRY'],"['1 pound ground pork', '2 tablespoons pure maple syrup', '1 teaspoon salt', '1 teaspoon dried sage', '½ teaspoon onion powder', '½ teaspoon ground black pepper', '½ teaspoon red pepper flakes', '¼ teaspoon ground marjoram', '¼ teaspoon ground coriander', '1 pinch ground cloves', '1 tablespoon olive oil']",['30 mins'],['10'],['20 mins'],['10 mins']
62,https://www.allrecipes.com/recipe/280431/nutella-crescent-rolls,['BREAD'],"['cooking spray', '1 (8 ounce) package refrigerated crescent rolls', '¼ cup chocolate-hazelnut spread (such as Nutella)']",['20 mins'],['8'],['15 mins'],['5 mins']
63,https://www.allrecipes.com/recipe/228510/better-morning-glory-muffins,['QUICK BREAD RECIPES'],"['1 cup brown sugar', '1 cup unbleached all-purpose flour', '1 cup whole wheat flour', '¾ cup dried cranberries', '½ cup shredded sweetened coconut', '¼ cup ground flax seeds', '1 tablespoon ground cinnamon', '2 teaspoons baking soda', '½ teaspoon salt', '12 ounces carrots, shredded', '1 large Granny Smith apple, shredded', '1 cup crushed pineapple, drained', '3 large eggs', '½ cup vegetable oil', '½ cup applesauce', '½ cup coarsely chopped pecans', '1 teaspoon vanilla extract']",['55 mins'],['12'],['35 mins'],['20 mins']
64,https://www.allrecipes.com/recipe/280010/chef-johns-cloud-eggs,['EVERYDAY COOKING'],"['1 teaspoon unsalted butter, or as needed', '2 large eggs', '¼ teaspoon white vinegar', '1 pinch salt']",['20 mins'],['2'],['10 mins'],['10 mins']
65,https://www.allrecipes.com/recipe/220480/adams-apple-cake,['DESSERTS'],"['cooking spray', '3 cups all-purpose flour', '2 cups white sugar', '1 teaspoon salt', '1 teaspoon ground cinnamon', '½ teaspoon baking soda', '1 ¼ cups vegetable oil', '3 large eggs', '1 teaspoon vanilla extract', '4 apples, peeled, cored and chopped']",['1 hr'],['2 hrs 25 mins'],['1 hr'],['25 mins']
66,https://www.allrecipes.com/recipe/279441/mexican-black-beans-and-rice,['GLOBAL CUISINES'],"['2 tablespoons coconut oil', '1 teaspoon chili powder', '1 teaspoon garlic powder', '1 teaspoon ground cumin', '1 teaspoon ground coriander', '2 stalks celery, chopped', '1 tomato, chopped', '½ cup frozen corn', '2 teaspoons chopped fresh oregano', '2 teaspoons chopped fresh cilantro', '1 (15 ounce) can black beans, rinsed and drained', '½ cup mild salsa', '¼ cup water, or as needed', '2 cups cooked white rice', 'salt to taste']",['30 mins'],['4'],['20 mins'],['10 mins']
67,https://www.allrecipes.com/recipe/282687/air-fryer-lava-cakes,['DESSERTS'],"['⅓ cup semisweet chocolate chips', '¼ cup unsalted butter', ""½ cup confectioners' sugar"", '1 large egg', '1 large egg yolk', '½ teaspoon vanilla extract', '⅛ teaspoon salt', '3 tablespoons all-purpose flour']",['5 mins'],['25 mins'],['15 mins'],['5 mins']
68,https://www.allrecipes.com/recipe/220287/honey-dijon-brussels-sprouts,['SIDE DISH'],"['10 Brussels sprouts, halved', '1 ½ teaspoons butter, melted', '1 ½ teaspoons honey', '½ teaspoon Dijon mustard', '1 pinch dried dill weed', '1 pinch onion powder']",['20 mins'],['2'],['15 mins'],['5 mins']
69,https://www.allrecipes.com/recipe/281668/applesauce-puffs,['QUICK BREAD RECIPES'],"['2 cups baking mix (such as Bisquick)', '½ cup applesauce', '½ cup white sugar, divided', '¼ cup milk', '1 large egg', '2 tablespoons vegetable oil', '1 ¼ teaspoons ground cinnamon, divided', '2 tablespoons unsalted butter, melted']",['25 mins'],['30'],['15 mins'],['10 mins']
70,https://www.allrecipes.com/recipe/220594/jims-beer-battered-portobello-mushrooms,['APPETIZERS AND SNACKS'],"['oil for frying', '2 cups bitter ale (such as Goose Island Honkers Ale)', '1 ¾ cups all-purpose flour', '½ cup sesame seeds', '2 tablespoons cornstarch', '1 tablespoon baking powder', '3 large portobello mushroom caps, cut into ½-inch slices']",['30 mins'],['4'],['15 mins'],['15 mins']
71,https://www.allrecipes.com/recipe/238994/pepperoni-eggs,['BREAKFAST AND BRUNCH'],"['1 cup egg substitute', '3 green onions, thinly sliced', '8 pepperoni slices, diced', '1 large egg', '½ teaspoon garlic powder', '1 teaspoon butter, melted', '¼ cup grated Romano cheese', '1 pinch salt and ground black pepper, or to taste']",['20 mins'],['2'],['10 mins'],['10 mins']
72,https://www.allrecipes.com/recipe/246705/emis-apple-brown-betty,['DESSERTS'],"['1 (21 ounce) can apple pie filling', '⅓ cup white sugar', '1 tablespoon ground cinnamon (Optional)', '1 cup all-purpose flour', '⅔ cup brown sugar', '½ cup margarine', '1 tablespoon baking powder']",['15 mins'],['1 hr 25 mins'],['1 hr'],['10 mins']
73,https://www.allrecipes.com/recipe/268128/pork-chops-with-apple-and-cream-sauce,['PORK'],"['2 tablespoons olive oil', '1 tablespoon chopped fresh thyme', 'salt and freshly ground black pepper to taste', '4 pork chops', '1 tablespoon butter', '1 large apple - peeled, cored, and thinly sliced', '½ cup apple juice', '½ cup heavy cream', '1 teaspoon cornstarch']",['15 mins'],['45 mins'],['20 mins'],['10 mins']
74,https://www.allrecipes.com/recipe/223150/chef-johns-turkey-burger,['MEAT AND POULTRY'],"['1 ½ pounds ground turkey', '2 tablespoons plain yogurt', '2 tablespoons chopped fresh cilantro', '1 ½ tablespoons plain bread crumbs', '1 ½ tablespoons ground almonds', '1 tablespoon fresh lemon juice', '2 cloves garlic, minced', '1 ½ teaspoons finely grated fresh ginger', '1 ½ teaspoons salt', '1 ½ teaspoons garam masala', '1 teaspoon chili paste']",['1 hr 5 mins'],['1 hr 30 mins'],['10 mins'],['15 mins']
75,https://www.allrecipes.com/recipe/273765/air-fryer-korean-fried-chicken,['GLOBAL CUISINES'],"['½ cup tapioca starch', '½ teaspoon garlic powder', '¾ teaspoon salt', '½ teaspoon black pepper', '1 pound boneless, skinless chicken breasts, cut into 1-inch pieces', 'cooking spray', '4 ounces tomato sauce', '2 tablespoons gochujang (Korean hot pepper paste)', '2 tablespoons honey', '1 tablespoon soy sauce']",['20 mins'],['4'],['10 mins'],['10 mins']
76,https://www.allrecipes.com/recipe/280709/greek-lemon-potatoes,['SIDE DISH'],"['6 large yellow potatoes, peeled and cut into thin wedges', '¾ cup water', '½ cup lemon juice', '⅓ cup extra-virgin olive oil', '1 tablespoon Dijon mustard', '1 teaspoon dried oregano', '1 pinch salt and ground black pepper to taste']",['1 hr 25 mins'],['4'],['1 hr 15 mins'],['10 mins']
77,https://www.allrecipes.com/recipe/255397/budae-jjigae-korean-army-base-stew,"['SOUPS, STEWS AND CHILI RECIPES']","['1 (12 ounce) can fully cooked luncheon meat (such as Spam), sliced', '14 ounces smoked sausage (such as Eckrich), sliced', '1 large onion, sliced', '6 ounces kimchi', '¼ cup Korean red pepper powder (gochugaru)', '3 tablespoons gochujang (Korean hot pepper paste)', '3 tablespoons soy sauce', '5 cloves garlic, minced', '1 pinch ground black pepper', '1 bunch green onions, chopped', '2 (32 ounce) containers chicken broth', '7 ¾ ounces ramen noodles (such as Ottogi Ramyonsari)', '1 slice American cheese']",['1 hr'],['6'],['30 mins'],['30 mins']
78,https://www.allrecipes.com/recipe/214509/caribbean-slaw,['SALAD'],"['½ head green cabbage, shredded', '1 red bell pepper, thinly sliced', '½ red onion, thinly sliced', '2 carrots, peeled and shredded', '1 mango - peeled, seeded, and diced', '½ cup fresh cilantro, chopped', '⅓ cup nonfat plain yogurt', '2 tablespoons reduced-fat mayonnaise', '1 tablespoon prepared yellow mustard', '1 tablespoon apple cider vinegar', '1 teaspoon agave nectar', 'salt and black pepper to taste', '1 dash habanero hot sauce, or more to taste']",['1 hr 20 mins'],['8'],['1 hr'],['20 mins']
79,https://www.allrecipes.com/recipe/222321/unbelievable-squash-casserole,['VEGETABLES'],"['2 teaspoons vegetable oil', '3 crookneck yellow squash, diced', '½ sweet yellow onion, diced', '2 tablespoons water, or as needed', '1 (10.75 ounce) can condensed cream of chicken soup', '1 (8 ounce) container sour cream', '½ cup shredded Cheddar cheese (Optional)', '½ (6 ounce) box dry bread stuffing mix']",['55 mins'],['8'],['40 mins'],['15 mins']
80,https://www.allrecipes.com/recipe/218000/cottage-pudding-cake-for-strawberry-shortcake,['DESSERTS'],"['2 cups all-purpose flour', '2 ½ teaspoons baking powder', '¼ teaspoon salt', '1 cup white sugar', '⅓ cup vegetable shortening', '1 large egg', '½ teaspoon vanilla extract', '1 cup milk']",['25 mins'],['1 hr'],['25 mins'],['10 mins']
81,https://www.allrecipes.com/recipe/8458932/carrot-raisin-salad,['SALAD'],"['4 ½ cups shredded carrots', '1 (8 ounce) can crushed pineapple, undrained (Optional)', '¾ cup raisins', '½ cup sugar or to taste', '2 tablespoons sugar, or to taste', '½ cup mayonnaise', '1 ½ tablespoons freshly squeezed lemon juice']",['2 hrs 20 mins'],['12'],['2 hrs'],['20 mins']
82,https://www.allrecipes.com/recipe/24228/sushi-roll,['APPETIZERS AND SNACKS'],"['1 ⅓ cups water', '⅔ cup uncooked short-grain white rice', '3 tablespoons rice vinegar', '3 tablespoons white sugar', '1 ½ teaspoons salt', '4 sheets nori seaweed sheets', '½ pound imitation crabmeat, flaked', '1 avocado - peeled, pitted, and sliced', '½ cucumber, peeled, cut into small strips', '2 tablespoons pickled ginger']",['1 hr 5 mins'],['8'],['25 mins'],['40 mins']
83,https://www.allrecipes.com/recipe/234360/chef-johns-braised-red-cabbage,['SIDE DISH'],"['2 tablespoons butter', '1 small head red cabbage, cored and thinly sliced', 'salt to taste', '⅓ cup water', '¼ cup red wine', '2 tablespoons red wine vinegar, or to taste', '2 tablespoons white sugar', '1 pinch caraway seeds']",['20 mins'],['4'],['10 mins'],['10 mins']
84,https://www.allrecipes.com/recipe/222524/irish-coffee-cocktail,['DRINKS RECIPES'],"['4 teaspoons white sugar, or to taste', '1 ½ fluid ounces Irish whisky', '6 fluid ounces hot coffee', '¼ cup whipped cream']",['1'],['1 cocktail'],['10 mins'],['10 mins']
85,https://www.allrecipes.com/recipe/219091/chef-johns-mushroom-gravy,['SIDE DISH'],"['¼ cup butter', '1 (16 ounce) package sliced mushrooms', 'salt to taste', '¼ cup all-purpose flour, or as needed', '1 quart beef stock', '1 pinch ground black pepper to taste', '1 pinch fresh thyme leaves, to taste']",['1 hr'],['6'],['55 mins'],['5 mins']
86,https://www.allrecipes.com/recipe/280339/sourdough-pecan-coffee-cake,['DESSERTS'],"['2 tablespoons unsalted butter, cold', '½ cup brown sugar', '1 tablespoon all-purpose flour', '1 teaspoon ground cinnamon', '⅛ teaspoon salt', '1 cup all-purpose flour', '1 teaspoon ground cinnamon', '1 teaspoon baking soda', '½ teaspoon salt', '¾ cup white sugar', '5 ⅓ tablespoons unsalted butter, softened', '1 large egg', '1 cup sourdough starter discard', '½ cup pecans, broken into pieces', ""1 cup confectioners' sugar, sifted, more as needed"", '2 tablespoons milk, more as needed', '½ teaspoon vanilla extract', '1 pinch salt']",['10 mins'],['1 hr 5 mins'],['35 mins'],['20 mins']
87,https://www.allrecipes.com/recipe/223339/easy-anise-cookies,['DESSERTS'],"['3 cups brown sugar', '3 large eggs', '2 tablespoons anise seeds', '½ teaspoon salt', '1 teaspoon baking soda', '2 tablespoons hot water', '4½ cups all-purpose flour', '½ cup white sugar, more as needed']",['30 mins'],['36'],['10 mins'],['20 mins']
88,https://www.allrecipes.com/recipe/244372/pumpkin-pudding-pie,['DESSERTS'],"['1 ½ cups graham cracker crumbs', '6 tablespoons butter, melted', '⅓ cup white sugar', '¼ teaspoon pumpkin pie spice', '1 (12 fluid ounce) can 2% evaporated milk', '1 (5.1 ounce) package instant vanilla pudding mix', '1 (15 ounce) can pumpkin purée', '¾ teaspoon pumpkin pie spice']",['1 hr'],['1 hr 30 mins'],['10 mins'],['20 mins']
89,https://www.allrecipes.com/recipe/258968/scrambled-eggs-with-chorizo,['BREAKFAST AND BRUNCH'],"['cooking spray', '¼ cup Mexican-style chorizo, or more to taste', '6 large eggs', 'salt to taste']",['15 mins'],['2'],['10 mins'],['5 mins']
90,https://www.allrecipes.com/recipe/238857/black-bean-mango-salsa,['DIPS AND SPREADS RECIPES'],"['½ cup diced mango', '½ cup diced green bell pepper', '½ cup diced yellow bell pepper', '½ cup seeded and diced Roma (plum) tomatoes', '½ cup corn kernels', '½ cup low-sodium black beans, drained and rinsed', '⅓ cup apple cider vinegar', '¼ cup finely chopped cilantro', '1 jalapeño chile pepper, minced', '1 lime, zested and juiced', '2 tablespoons diced red onion', '2 teaspoons white sugar', '½ teaspoon salt']",['12'],[None],['25 mins'],['25 mins']
91,https://www.allrecipes.com/recipe/235730/toasty-sweet-coconutty-graham-chex-mix,['APPETIZERS AND SNACKS'],"['1 (14 ounce) package sweetened shredded coconut', '2 (6 ounce) packages slivered almonds', '1 (14 ounce) box crispy rice cereal squares (such as Rice Chex)', '1 (12 ounce) box honey graham cereal (such as Golden Grahams)', '2 cups white sugar', '2 cups corn syrup', '1 ½ cups butter']",['30 mins'],['1 hr 15 mins'],['30 mins'],['15 mins']
92,https://www.allrecipes.com/recipe/242052/chopped-brussels-sprout-salad,['SALAD'],"['1 shallot, minced', '¼ cup apple cider vinegar', '¼ cup sunflower seed oil', '2 tablespoons Dijon mustard', '½ teaspoon honey', '½ teaspoon salt', '¼ teaspoon ground black pepper', '6 cups Brussels sprouts, trimmed, halved, and sliced', '2 Gala apples, cored and thinly sliced', '½ cup dried cranberries', '⅓ cup sliced almonds', '⅓ cup raw sunflower seed kernels', '⅓ cup shelled, raw pumpkin seeds']",['8'],[None],['20 mins'],['20 mins']
93,https://www.allrecipes.com/recipe/15756/chocolate-cream-pie-ii,['DESSERTS'],"['1 ½ cups white sugar', '3 large egg yolks, beaten', '½ cup unsweetened cocoa powder', '3 tablespoons cornstarch', '½ teaspoon salt', '3 cups milk', '1 tablespoon butter', '1 ½ teaspoons vanilla extract', '1 (9 inch) pie crust, baked', '1 cup frozen whipped topping, thawed']",['2 hrs'],['2 hrs 30 mins'],['10 mins'],['20 mins']
94,https://www.allrecipes.com/recipe/215154/grilled-teriyaki-beer-chicken,['MAIN DISHES'],"['1 (12 fluid ounce) can or bottle beer', '1 cup teriyaki marinade', '¼ cup brown sugar', '¼ cup kosher salt', '¼ cup paprika', '2 tablespoons ground black pepper', '¼ teaspoon cayenne pepper', '10 chicken legs, patted dry', '¼ cup vegetable oil']",['1 hr'],['1 hr 35 mins'],['20 mins'],['15 mins']
95,https://www.allrecipes.com/recipe/25177/carrot-and-raisin-salad-ii,['SALAD'],"['½ cup sour cream', '½ cup light mayonnaise', '1 tablespoon lemon juice', '1 tablespoon brown sugar', '½ teaspoon salt', '4 cups shredded carrots', '1 cup raisins']",['4'],[None],['30 mins'],['30 mins']
96,https://www.allrecipes.com/recipe/261266/garlic-mashed-potato-casserole,['SIDE DISH'],"['3 pounds Yukon Gold potatoes, or more as needed', '½ cup milk, hot', '½ cup cream cheese, softened', '½ cup chopped green onions, divided', '3 tablespoons butter', '1 large egg, lightly beaten', '3 cloves garlic, or to taste, chopped', '½ teaspoon salt', '½ cup shredded Cheddar cheese']",['1 hr 20 mins'],['6'],['1 hr 5 mins'],['15 mins']
97,https://www.allrecipes.com/recipe/13096/cream-of-mushroom-soup-i,['SOUP RECIPES'],"['5 cups sliced fresh mushrooms', '1 ½ cups chicken stock', '½ cup chopped onion', '⅛ teaspoon dried thyme', '3 tablespoons butter', '3 tablespoons all-purpose flour', '¼ teaspoon salt', '¼ teaspoon ground black pepper', '1 cup half-and-half or heavy cream', '1 tablespoon sherry']",['50 mins'],['6'],['30 mins'],['20 mins']
98,https://www.allrecipes.com/recipe/24489/shirley-temple-ii,['DRINKS RECIPES'],"['½ cup orange juice', '½ cup lemon-lime flavored carbonated beverage', '1 tablespoon grenadine syrup', '1 maraschino cherry']",['1'],[None],['5 mins'],['5 mins']
99,https://www.allrecipes.com/recipe/233794/slow-cooked-green-beans,['SIDE DISH'],"['6 slices bacon, sliced crosswise into 1/2-inch pieces', '1 onion, sliced lengthwise', '3 cloves garlic, minced', '¼ cup tomato sauce', '2 pounds fresh green beans, trimmed', '3 cups chicken broth', 'salt and ground black pepper to taste', '1 pinch cayenne pepper, or to taste']",['2 hrs 25 mins'],['6'],['2 hrs 10 mins'],['15 mins']
100,https://www.allrecipes.com/recipe/223261/authentic-mole-sauce,['SAUCES AND CONDIMENTS'],"['3 dried chipotle chiles, stemmed and seeded', '2 dried guajillo chiles, stemmed and seeded', '2 dried ancho chiles, stemmed and seeded', '2 cups chicken broth', '1 dinner roll, torn into pieces', '2 corn tortillas, cut into 1-inch strips', '5 tomatillos, cut in half crosswise', '2 tomatoes, cut in half crosswise', '1 tablespoon lard', '1 onion, halved and thinly sliced', '½ head garlic, peeled and sliced', '⅓ cup chopped peanuts', '¼ cup raisins', '2 tablespoons cumin seeds', '1 tablespoon dried thyme', '6 whole allspice berries', '5 whole cloves', '3 cinnamon sticks', '1 cup chicken broth', '5 ounces dark chocolate, coarsely chopped', '3 tablespoons white sugar', '1 teaspoon salt']",['10 mins'],['1 hr'],['30 mins'],['20 mins']
101,https://www.allrecipes.com/recipe/67650/quick-italian-vegetable-soup,"['SOUPS, STEWS AND CHILI RECIPES']","['1 tablespoon olive oil', '1 medium onion, chopped', '2 carrots, sliced', '2 stalks celery, sliced', '1 (16 ounce) can diced plum tomatoes', '2 teaspoons Italian seasoning', '2 cubes beef bouillon', '6 cups boiling water', '2 zucchini, quartered and sliced', '2 cups sliced cabbage', '1 teaspoon garlic salt', 'salt and ground black pepper to taste', '½ cup freshly grated Parmesan cheese (Optional)']",['45 mins'],['6'],['30 mins'],['15 mins']
102,https://www.allrecipes.com/recipe/236432/brown-sugar-ham-steak,['PORK'],"['1 (8 ounce) bone-in fully cooked ham steak', '5 tablespoons butter, cubed', '5 tablespoons brown sugar']",['25 mins'],['2'],['20 mins'],['5 mins']
103,https://www.allrecipes.com/recipe/23439/perfect-pumpkin-pie,['DESSERTS'],"['1 (15-ounce) can pumpkin puree', '1 (14-ounce) can Eagle Brand Sweetened Condensed Milk', '2 large eggs', '1 teaspoon ground cinnamon', '1/2 teaspoon ground ginger', '1/2 teaspoon ground nutmeg', '1/2 teaspoon salt', '1 (9-inch) unbaked pie crust']",['1 hr'],['8'],['50 mins'],['10 mins']
104,https://www.allrecipes.com/recipe/13660/green-bean-casserole-i,['SIDE DISH'],"['2 (15-ounce) cans cut green beans, drained', '1 (10.5-ounce) can condensed cream of mushroom soup', '¾ cup milk', '1 (2.8-ounce) can French fried onions', 'salt and ground black pepper to taste']",['35 mins'],['6'],['30 mins'],['5 mins']
105,https://www.allrecipes.com/recipe/280765/braised-bbq-pulled-pork,['MAIN DISHES'],"['1 (3 pound) pork tenderloin, trimmed', '1 teaspoon salt', '1 teaspoon ground black pepper', '1 large onion, chopped', '½ cup apple cider vinegar', '⅓ cup water', '2 tablespoons prepared yellow mustard', '2 slices lemon, seeded', '1 tablespoon unsalted butter', '2 teaspoons honey', '½ teaspoon cayenne pepper', '1 cup ketchup', '¼ cup Worcestershire sauce']",['3 hrs 50 mins'],['12'],['3 hrs 30 mins'],['20 mins']
106,https://www.allrecipes.com/recipe/141314/the-best-vegetable-salad,['SALAD'],"['5 romaine lettuce leaves, torn into bite size pieces', '5 radishes, chopped', '2 fresh tomatoes, chopped', '2 green onion, minced', '1 small jicama, peeled and julienned', '1 cucumber, peeled and chopped', '1 red bell pepper, chopped', '2 tablespoons olive oil', '1 ½ tablespoons lemon juice', '1 tablespoon pomegranate juice', '1 ½ teaspoons water', '1 clove garlic, minced', '1 teaspoon chopped fresh dill', '1 teaspoon chopped fresh basil', '1 teaspoon salt', '1 teaspoon ground black pepper']",['6'],[None],['30 mins'],['30 mins']
107,https://www.allrecipes.com/recipe/24703/caramel-sauce,['SAUCES AND CONDIMENTS'],['1 (14 ounce) can sweetened condensed milk'],['14'],[None],['3 hrs'],['3 hrs']
108,https://www.allrecipes.com/recipe/281936/thick-cut-bacon-in-the-oven,['BREAKFAST AND BRUNCH'],['16 slices thick-cut bacon'],['20 mins'],['8'],['15 mins'],['5 mins']
109,https://www.allrecipes.com/recipe/20045/cabbage-rolls-ii,['MAIN DISHES'],"['12 leaves cabbage', '1 pound extra-lean ground beef', '1 cup cooked white rice', '1 egg, beaten', '¼ cup milk', '¼ cup minced onion', '1 ¼ teaspoons salt', '1 ¼ teaspoons ground black pepper', '1 (8 ounce) can tomato sauce', '1 tablespoon brown sugar', '1 tablespoon lemon juice', '1 teaspoon Worcestershire sauce']",['8 hrs 30 mins'],['6'],['8 hrs'],['30 mins']
110,https://www.allrecipes.com/recipe/218121/pops-dill-pickles,['CANNING AND PRESERVING RECIPES'],"['8 pounds small pickling cucumbers', '4 cups water', '4 cups distilled white vinegar', '¾ cup white sugar', '½ cup pickling salt', '3 tablespoons pickling spice, wrapped in cheesecloth', '7 (1-quart) canning jars with lids and rings', '7 heads fresh dill', '7 cloves garlic']",['2 hrs'],['3 hrs 5 mins'],['35 mins'],['30 mins']
111,https://www.allrecipes.com/recipe/216445/grandmas-stuffed-celery,['APPETIZERS AND SNACKS'],"['1 bunch celery - large stalks washed, trimmed, and cut into 3 sections', '2 (8 ounce) packages cream cheese at room temperature', '¾ cup chopped pimento-stuffed green olives', '2 cloves garlic, finely minced', '1 pinch salt and freshly cracked black pepper to taste']",['24'],['24 servings'],['30 mins'],['30 mins']
112,https://www.allrecipes.com/recipe/232612/pineapple-upside-down-cake-from-dole,['CAKES'],"['cooking spray', '1 (20 ounce) can Dole® Pineapple Slices', '¼ cup packed brown sugar', '2 tablespoons butter or margarine, melted', '8 maraschino cherries', '1 (9 ounce) package yellow cake mix', '½ cup cold water', '1 large egg']",['5 mins'],['40 mins'],['25 mins'],['10 mins']
113,https://www.allrecipes.com/recipe/263342/homemade-baked-egg-custard,['DESSERTS'],"['1 (9-inch) single unbaked pie crust', '4 large eggs', '½ cup white sugar', '2 teaspoons vanilla extract', '2 cups milk', '1 pinch ground nutmeg, or to taste']",['1 hr'],['2 hrs'],['50 mins'],['10 mins']
114,https://www.allrecipes.com/recipe/20513/classic-waffles,['BREAKFAST AND BRUNCH'],"['2 cups all-purpose flour', '1 teaspoon salt or to taste', '4 teaspoons baking powder', '2 tablespoons white sugar', '2 large eggs', '1 ½ cups warm milk', '⅓ cup butter, melted', '1 teaspoon vanilla extract']",['25 mins'],['5'],['15 mins'],['10 mins']
115,https://www.allrecipes.com/recipe/244959/chocolate-banana-peanut-butter-protein-shake,['DRINKS RECIPES'],"['6 ice cubes', '1 cup milk', '1 banana', '1 scoop chocolate-flavored protein powder', '2 tablespoons peanut butter', '1 tablespoon honey', '1 teaspoon unsweetened cocoa powder, or more to taste']",['1'],[None],['10 mins'],['10 mins']
116,https://www.allrecipes.com/recipe/9115/cranberry-sausage-and-apple-stuffing,['SIDE DISH'],"['1 pound sweet Italian sausage, casings removed', '¼ cup butter', '6 cups coarsely chopped leeks', '3 tart apples - peeled, cored and chopped', '2 cups chopped celery', '4 teaspoons poultry seasoning', '2 teaspoons dried rosemary, crushed', '1 cup dried cranberries', '12 cups white bread cubes, baked until slightly dry', '1 ⅓ cups chicken stock', 'salt and black pepper to taste']",['1 hr 35 mins'],['20'],['1 hr 20 mins'],['15 mins']
117,https://www.allrecipes.com/recipe/262797/easy-pineapple-chicken,['CHICKEN'],"['3 tablespoons soy sauce', '3 tablespoons olive oil, divided', '½ teaspoon paprika', 'salt to taste', '1 pound boneless, skinless chicken breast, cut into strips', '1 red bell pepper, cubed', '1 bunch scallions, trimmed and sliced into 1/2-inch lengths', '1 (12 ounce) can pineapple chunks, drained and juice reserved', '1 tablespoon cornstarch']",['30 mins'],['4'],['20 mins'],['10 mins']
118,https://www.allrecipes.com/recipe/16346/maries-easy-slow-cooker-pot-roast,['MAIN DISHES'],"['4 pounds chuck roast', 'salt and pepper to taste', '2 tablespoons olive oil', '1 packet dry onion soup mix', '1 cup water', '3 carrots, chopped', '3 potatoes, peeled and cubed', '1 onion, chopped', '1 stalk celery, chopped']",['8 hrs 40 mins'],['8'],['8 hrs 20 mins'],['20 mins']
119,https://www.allrecipes.com/recipe/279945/air-fried-kale-chips,['SNACKS'],"['6 ounces kale leaves', '1 ½ tablespoons olive oil', '½ teaspoon kosher salt', '½ teaspoon paprika', '¼ teaspoon garlic powder', '1 pinch ground black pepper to taste', '1 pinch cayenne pepper, or to taste']",['25 mins'],['4'],['15 mins'],['10 mins']
120,https://www.allrecipes.com/recipe/9959/marshmallow-treats,['DESSERTS'],"['¼ cup butter', '4 cups miniature marshmallows', '5 cups crispy rice cereal']",['15 mins'],['24'],['5 mins'],['10 mins']
121,https://www.allrecipes.com/recipe/25202/beef-stroganoff-iii,['MAIN DISHES'],"['2 pounds beef chuck roast', '½ teaspoon salt', '½ teaspoon ground black pepper', '4 ounces butter', '4 green onions, sliced (white parts only)', '4 tablespoons all-purpose flour', '1 (10.5 ounce) can condensed beef broth', '1 teaspoon prepared mustard', '1 (6 ounce) can sliced mushrooms, drained', '⅓ cup sour cream', '⅓ cup white wine', 'salt and ground black pepper to taste']",['1 hr 30 mins'],['8'],['1 hr 15 mins'],['15 mins']
122,https://www.allrecipes.com/recipe/10745/no-bake-cookies-iii,['DESSERTS'],"['2 cups white sugar', '½ cup butter or margarine', '½ cup milk', '3 tablespoons unsweetened cocoa powder', '1 pinch salt', '3 cups quick cooking oats', '½ cup peanut butter', '1 teaspoon vanilla extract']",['20 mins'],['24'],['5 mins'],['15 mins']
123,https://www.allrecipes.com/recipe/17481/simple-white-cake,['DESSERTS'],"['1 cup white sugar', '½ cup unsalted butter, softened', '2 large eggs, room temperature', '2 teaspoons vanilla extract', '1 ½ cups all-purpose flour', '1 ¾ teaspoons baking powder', '1/4 teaspoon table salt', '½ cup whole milk, room temperature']",['40 mins'],['12'],['30 mins'],['10 mins']
124,https://www.allrecipes.com/recipe/6698/moms-zucchini-bread,['BREAD'],"['3 cups all-purpose flour', '1 teaspoon salt', '1 teaspoon baking powder', '1 teaspoon baking soda', '1 tablespoon ground cinnamon or to taste', '3 large eggs', '1 cup vegetable oil', '2 ¼ cups white sugar', '3 teaspoons vanilla extract', '2 cups shredded zucchini', '1 cup chopped walnuts']",['20 mins'],['1 hr 15 mins'],['40 mins'],['15 mins']
125,https://www.allrecipes.com/recipe/12177/rhubarb-strawberry-crunch,['DESSERTS'],"['3 cups sliced fresh strawberries', '3 cups diced rhubarb', '1 cup white sugar', '3 tablespoons all-purpose flour', '1 ½ cups all-purpose flour', '1 cup packed brown sugar', '1 cup rolled oats', '1 cup butter']",['1 hr'],['12'],['45 mins'],['15 mins']
126,https://www.allrecipes.com/recipe/235874/copycat-panera-broccoli-cheddar-soup,['SOUP RECIPES'],"['1 tablespoon butter', '½ onion, chopped', '¼ cup melted butter', '¼ cup all-purpose flour', '2 cups milk', '2 cups chicken stock', '1 ½ cups coarsely chopped broccoli florets', '1 cup matchstick-cut carrots', '1 stalk celery, thinly sliced', '2 ½ cups shredded sharp Cheddar cheese', 'salt and ground black pepper to taste']",['45 mins'],['8'],['35 mins'],['10 mins']
127,https://www.allrecipes.com/recipe/11973/spaghetti-carbonara-ii,['MAIN DISHES'],"['1 pound spaghetti', '2 tablespoons olive oil, divided, or as needed', '8 slices bacon, diced', '1 onion, chopped', '1 clove garlic, minced', '¼ cup dry white wine', '4 large eggs, beaten', '½ cup grated Parmesan cheese', 'salt and black pepper to taste', '2 tablespoons chopped fresh parsley', '2 tablespoons grated Parmesan cheese']",['40 mins'],['8'],['20 mins'],['20 mins']
128,https://www.allrecipes.com/recipe/171110/moroccan-vegetable-soup,['VEGETABLE SOUP RECIPES'],"['2 tablespoons olive oil', '1 onion, chopped', '1 cup peeled, chopped carrots', '1 cup peeled, chopped parsnips', '1 quart vegetable stock, more as needed', '1 cup canned pumpkin purée', '1 teaspoon lemon juice, or to taste', '½ teaspoon dried cilantro, or to taste', 'salt and ground black pepper to taste', '2 teaspoons olive oil', '3 tablespoons chopped fresh parsley', '1 clove garlic, minced', '⅛ teaspoon paprika']",['20 mins'],['1 hr 45 mins'],['1 hr 10 mins'],['15 mins']
129,https://www.allrecipes.com/recipe/14685/slow-cooker-beef-stew-i,"['SOUPS, STEWS AND CHILI RECIPES']","['2 pounds beef stew meat, cut into 1-inch pieces', '¼ cup all-purpose flour', '½ teaspoon salt', '½ teaspoon ground black pepper', '1 ½ cups beef broth', '4 medium carrots, sliced', '3 medium potatoes, diced', '1 medium onion, chopped', '1 stalk celery, chopped', '1 teaspoon Worcestershire sauce', '1 teaspoon ground paprika', '1 clove garlic, minced', '1 large bay leaf']",['4 hrs 20 mins'],['6'],['4 hrs'],['20 mins']
130,https://www.allrecipes.com/recipe/15432/angel-food-cake-iii,['DESSERTS'],"['1 cup cake flour', '1 ½ cups white sugar, divided', '12 egg whites', '1 ½ teaspoons vanilla extract', '1 ½ teaspoons cream of tartar', '½ teaspoon salt']",['1 hr 10 mins'],['14'],['40 mins'],['30 mins']
131,https://www.allrecipes.com/recipe/269500/creamy-garlic-pasta,['MAIN DISHES'],"['2 teaspoons olive oil', '4 garlic cloves, minced', '2 tablespoons butter', '3 cups chicken broth, or more as needed', '½ teaspoon ground black pepper', '¼ teaspoon salt', '½ pound spaghetti', '1 cup grated Parmesan cheese', '¾ cup heavy cream', '1 ½ tablespoons dried parsley']",['30 mins'],['4'],['20 mins'],['10 mins']
132,https://www.allrecipes.com/recipe/20519/best-ever-popcorn-balls,['CANDY RECIPES'],"['5 quarts plain popped popcorn', '¾ cup light corn syrup', '¼ cup butter', '2 teaspoons cold water', ""2 ⅝ cups confectioners' sugar"", '1 cup marshmallows', 'nonstick cooking spray']",['20 mins'],['20'],['10 mins'],['10 mins']
133,https://www.allrecipes.com/recipe/10549/best-brownies,['COOKIES'],"['½ cup butter', '1 cup white sugar', '2 large eggs', '1 teaspoon vanilla extract', '⅓ cup unsweetened cocoa powder', '½ cup all-purpose flour', '¼ teaspoon salt', '¼ teaspoon baking powder', '3 tablespoons butter, softened', '3 tablespoons unsweetened cocoa powder', '1 tablespoon honey', '1 teaspoon vanilla extract', ""1 cup confectioners' sugar""]",['45 mins'],['16'],['30 mins'],['15 mins']
134,https://www.allrecipes.com/recipe/20287/easy-baklava,['GLOBAL CUISINES'],"['1 pound chopped nuts', '1 teaspoon ground cinnamon', '1 (16 ounce) package phyllo dough', '1 cup butter, melted', '1 cup white sugar', '1 cup water', '½ cup honey', '1 teaspoon vanilla extract', '1 teaspoon grated lemon zest']",['1 hr 20 mins'],['36'],['50 mins'],['30 mins']
135,https://www.allrecipes.com/recipe/275253/easy-air-fryer-baked-potatoes,['SIDE DISH'],"['4 large baking potatoes, scrubbed', '2 tablespoons olive oil', 'kosher salt and freshly ground black pepper to taste', '½ teaspoon garlic powder, or to taste', '½ teaspoon dried parsley, or to taste', '4 tablespoons butter']",['50 mins'],['4'],['40 mins'],['10 mins']
136,https://www.allrecipes.com/recipe/20198/spanish-potato-omelet,['GLOBAL CUISINES'],"['½ cup olive oil', '½ pound potatoes, thinly sliced', 'salt and pepper to taste', '1 large onion, thinly sliced', '4 large eggs', '2 medium tomatoes - peeled, seeded, and coarsely chopped (Optional)', '2 green onions, chopped (Optional)']",['50 mins'],['6'],['30 mins'],['20 mins']
137,https://www.allrecipes.com/recipe/87013/hash-brown-and-egg-casserole,['BREAKFAST AND BRUNCH'],"['1 (2 pound) package frozen hash brown potatoes, thawed', '1 pound pork sausage', '1 small onion, diced', '5 large eggs', '½ cup milk', '½ teaspoon onion powder', '⅛ teaspoon garlic powder', 'salt and ground black pepper to taste', '12 ounces shredded Cheddar cheese']",['5 mins'],['1 hr 40 mins'],['1 hr 20 mins'],['15 mins']
138,https://www.allrecipes.com/recipe/148558/candy-apple-martini,['DRINKS RECIPES'],"['1 fluid ounce vanilla vodka', '1 fluid ounce sour apple schnapps', '1 fluid ounce butterscotch schnapps', '1 fluid ounce cranberry juice', '1 maraschino cherry']",['1'],[None],['5 mins'],['5 mins']
139,https://www.allrecipes.com/recipe/6813/white-bread-for-the-bread-machine,['BREAD'],"['1 cup warm water (110 degrees F/45 degrees C)', '3 tablespoons white sugar', '3 tablespoons vegetable oil', '1 ½ teaspoons salt', '3 cups bread flour', '2 ¼ teaspoons active dry yeast']",['3 hrs 5 mins'],['12'],['3 hrs'],['5 mins']
140,https://www.allrecipes.com/recipe/20680/easy-mexican-casserole,['CASSEROLE RECIPES'],"['1 pound lean ground beef', '2 cups salsa', '1 (16 ounce) can chili beans, drained', '3 cups tortilla chips, crushed', '2 cups sour cream', '1 (2 ounce) can sliced black olives, drained', '½ cup chopped green onion', '½ cup chopped fresh tomato', '2 cups shredded Cheddar cheese']",['1 hr 15 mins'],['6'],['1 hr'],['15 mins']
141,https://www.allrecipes.com/recipe/6913/cranberry-orange-loaf,['BREAD'],"['2 cups all-purpose flour', '1 ½ teaspoons baking powder', '½ teaspoon baking soda', '½ teaspoon salt', '1 tablespoon grated orange zest', '1 ½ cups fresh cranberries', '½ cup pecans, coarsely chopped', '¼ cup butter, softened', '1 cup white sugar', '1 large egg', '¾ cup orange juice']",['10 mins'],['1 hr 25 mins'],['1 hr'],['15 mins']
142,https://www.allrecipes.com/recipe/14621/beef-pot-roast,['MAIN DISHES'],"['2 teaspoons olive oil', '4 pounds boneless chuck roast', '1 onion, chopped', '2 cloves garlic, minced', '2 bay leaves', '1 teaspoon salt', '½ teaspoon freshly ground black pepper']",['10 mins'],['2 hrs 30 mins'],['2 hrs'],['20 mins']
143,https://www.allrecipes.com/recipe/256617/serrano-hot-sauce,['SIDE DISH'],"['14 serrano chile peppers, stemmed', '6 cloves garlic, smashed', '1 ½ tablespoons salt', '1 ½ cups distilled white vinegar']",['1 day'],['1 day 20 mins'],['5 mins'],['15 mins']
144,https://www.allrecipes.com/recipe/20995/easy-morning-glory-muffins,['QUICK BREAD RECIPES'],"['2 cups all-purpose flour', '1 ¼ cups white sugar', '2 teaspoons baking soda', '2 teaspoons ground cinnamon', '¼ teaspoon salt', '2 cups shredded carrots', '1 apple - peeled, cored and shredded', '½ cup raisins', '½ cup chopped walnuts', '½ cup unsweetened flaked coconut', '3 large eggs', '1 cup vegetable oil', '2 teaspoons vanilla extract']",['45 mins'],['12'],['20 mins'],['25 mins']
145,https://www.allrecipes.com/recipe/21649/sausage-balls,['APPETIZERS AND SNACKS'],"['1 pound ground pork sausage, at room temperature', '2 cups biscuit baking mix', '12 ounces sharp Cheddar cheese, shredded']",['30 mins'],['15'],['20 mins'],['10 mins']
146,https://www.allrecipes.com/recipe/257530/scrambled-eggs-in-a-mug,['BREAKFAST AND BRUNCH'],"['1 large egg', '1 tablespoon milk', '1 pinch ground black pepper (Optional)']",['1'],[None],['5 mins'],['5 mins']
147,https://www.allrecipes.com/recipe/247073/cinnabon-cinnamon-roll-cake,['DESSERTS'],"['3 cups all-purpose flour', '1 ½ cups milk', '1 cup white sugar', '2 large eggs', '4 teaspoons baking powder', '2 teaspoons vanilla extract', '¼ teaspoon salt', '¼ cup butter, melted', '1 cup butter, softened', '1 cup brown sugar', '2 tablespoons all-purpose flour', '1 tablespoon ground cinnamon', ""2 cups confectioners' sugar"", '5 tablespoons milk', '1 teaspoon vanilla extract']",['50 mins'],['12'],['25 mins'],['25 mins']
148,https://www.allrecipes.com/recipe/203670/scrambled-eggs-with-zucchini,['BREAKFAST AND BRUNCH'],"['4 large eggs, lightly beaten', '2 tablespoons grated Parmesan cheese', '2 tablespoons olive oil', '1 zucchini, sliced 1/8- to 1/4-inch thick', '1/4 teaspoon garlic powder, or to taste', 'salt and ground black pepper to taste']",['25 mins'],['4'],['15 mins'],['10 mins']
149,https://www.allrecipes.com/recipe/153205/butternut-squash-fries,['SIDE DISH'],"['1 (2 pound) butternut squash, halved and seeded', 'salt to taste']",['35 mins'],['4'],['20 mins'],['15 mins']
150,https://www.allrecipes.com/recipe/268682/peanut-butter-oatmeal-zucchini-cookies,['FRUITS AND VEGETABLES'],"['2 cups quick-cooking oats', '1 ½ cups whole wheat flour', '1 cup brown sugar', '1 teaspoon ground cinnamon', '½ teaspoon baking powder', '½ teaspoon baking soda', '⅔ cup peanut butter', '½ cup margarine', '1 large egg', '1 small zucchini, peeled and shredded']",['5 mins'],['35 mins'],['15 mins'],['15 mins']
151,https://www.allrecipes.com/recipe/259481/homemade-phyllo-or-filo-dough,['GLOBAL CUISINES'],"['2 cups all-purpose flour, plus more for kneading', '5 teaspoons olive oil', '½ teaspoon fine salt', '¾ cup warm water (110 degrees F (43 degrees C))', '2 teaspoons white wine vinegar', '½ cup cornstarch', '2 tablespoons all-purpose flour']",['2 hrs 30 mins'],['8'],['2 hrs'],['30 mins']
152,https://www.allrecipes.com/recipe/24352/easy-apple-cinnamon-muffins,['QUICK BREAD RECIPES'],"['1 ¾  cups all-purpose flour', '¾ cup white sugar', '2 teaspoons baking powder', '1 teaspoon ground cinnamon', '½ teaspoon salt', '1 large egg', '⅓ cup vegetable oil', '⅓ cup milk', '2 medium apples - peeled, cored and chopped', '½ cup white sugar', '½ cup all-purpose flour', '1⁄3 cup butter, cubed', '1 ½ teaspoons ground cinnamon']",['45 mins'],['6'],['30 mins'],['15 mins']
153,https://www.allrecipes.com/recipe/245666/healthy-broccoli-cheese-bake,['SIDE DISH'],"['2 tablespoons olive oil', '1 medium onion, sliced', '1 medium red bell pepper, sliced', '8 ounces sliced fresh mushrooms', '½ teaspoon salt, divided', '¼ teaspoon black pepper', '6 tablespoons all-purpose flour', '3 cups low-fat milk, warmed', '7 cups frozen broccoli florets, thawed and drained on paper towels', '½ cup shredded Cheddar cheese', '¼ cup shredded Romano cheese, divided', '1 cup fresh whole-grain bread crumbs', '1 tablespoon butter, cut into pieces']",['5 mins'],['1 hr 35 mins'],['1 hr'],['30 mins']
154,https://www.allrecipes.com/recipe/137430/budget-jungle-juice-for-a-crowd,['DRINKS RECIPES'],"['2 gallons orange-flavored drink', '4 quarts pink lemonade', '4 quarts pineapple and orange juice blend', '4 (750 milliliter) bottles vodka', '2 (750 milliliter) bottles white rum', '2 (46 fluid ounce) cans fruit punch']",['96'],['6 gallons'],['10 mins'],['10 mins']
155,https://www.allrecipes.com/recipe/23825/slow-cooker-venison-roast,['MEAT AND POULTRY'],"['3 pounds boneless venison roast', '1 large onion, sliced', '1 tablespoon soy sauce', '1 tablespoon Worcestershire sauce', '1 tablespoon garlic salt', '¼ teaspoon ground black pepper', '1 (1 ounce) package dry onion soup mix', '1 (10.75 ounce) can condensed cream of mushroom soup']",['6 hrs 10 mins'],['6'],['6 hrs'],['10 mins']
156,https://www.allrecipes.com/recipe/11966/best-marinara-sauce-yet,['PASTA SAUCES'],"['2 (14.5 ounce) cans stewed tomatoes', '1 (6 ounce) can tomato paste', '4 tablespoons chopped fresh parsley', '1 clove garlic, minced', '1 teaspoon dried oregano', '1 teaspoon salt or to taste', '¼ teaspoon ground black pepper', '6 tablespoons olive oil', '⅓ cup finely diced onion', '½ cup white wine']",['45 mins'],['8'],['30 mins'],['15 mins']
157,https://www.allrecipes.com/recipe/215314/slow-cooker-baked-potatoes,['SIDE DISH'],"['4 baking potatoes, well scrubbed', '1 tablespoon extra virgin olive oil', 'kosher salt to taste', '4 sheets aluminum foil']",['4 hrs 40 mins'],['4'],['4 hrs 30 mins'],['10 mins']
158,https://www.allrecipes.com/recipe/140286/homemade-dog-food,['EVERYDAY COOKING'],"['1 pound ground turkey', '6 cups water', '2 cups brown rice', '1 teaspoon dried rosemary', '½ (16 ounce) package frozen broccoli, carrots and cauliflower combination']",['30 mins'],['5'],['25 mins'],['5 mins']
159,https://www.allrecipes.com/recipe/150574/ras-el-hanout,['AFRICAN'],"['1 teaspoon salt', '1 teaspoon ground cumin', '1 teaspoon ground ginger', '1 teaspoon ground turmeric', '¾ teaspoon ground cinnamon', '¾ teaspoon freshly ground black pepper', '½ teaspoon ground white pepper', '½ teaspoon ground coriander seed', '½ teaspoon ground cayenne pepper', '½ teaspoon ground allspice', '½ teaspoon ground nutmeg', '¼ teaspoon ground cloves']",['12'],['8 teaspoons'],['5 mins'],['5 mins']
160,https://www.allrecipes.com/recipe/18511/hash-brown-casserole-ii,['SIDE DISH'],"['1 (2 pound) package frozen hash brown potatoes, thawed', '2 cups shredded Cheddar cheese', '1 (10.5 ounce) can condensed cream of chicken soup', '1 (8 ounce) container sour cream', '¾ cup butter, melted, divided', '½ cup chopped onion', '1 teaspoon salt', '¼ teaspoon ground black pepper', '2 cups crushed cornflakes']",['1 hr'],['12'],['40 mins'],['20 mins']
161,https://www.allrecipes.com/recipe/213472/he-jia-tuan-yuan-tofu-ball-soup-for-lunar-chinese-new-year,"['SOUPS, STEWS AND CHILI RECIPES']","['1 (14 ounce) package soft tofu', '7 ounces ground pork', '6 tablespoons cornstarch', '1 large egg', '2 teaspoons chicken bouillon granules, divided', '1 ¼ teaspoons salt, divided', '5 cups water', '1 tablespoon vegetable oil', '1 cup fresh pea vine shoots, trimmed', '10 dried shrimp']",['45 mins'],['5'],['30 mins'],['15 mins']
162,https://www.allrecipes.com/recipe/162361/gyoza-sauce,['SIDE DISH'],"['½ cup rice vinegar', '½ cup low-sodium soy sauce', '⅓ cup thinly sliced green onions', '1 garlic clove, minced', '1 teaspoon sesame oil', '½ teaspoon crushed red pepper flakes', '½ teaspoon minced fresh ginger root']",['20 mins'],['16'],['15 mins'],['5 mins']
163,https://www.allrecipes.com/recipe/11758/baked-ziti-i,['MAIN DISHES'],"['1 pound dry ziti pasta', '1 onion, chopped', '1 pound lean ground beef', '2 (26 ounce) jars spaghetti sauce', '6 ounces provolone cheese, sliced', '1 ½ cups sour cream', '6 ounces mozzarella cheese, shredded', '2 tablespoons grated Parmesan cheese']",['1 hr'],['10'],['45 mins'],['15 mins']
164,https://www.allrecipes.com/recipe/11969/pasta-bake,['MAIN DISHES'],"['8 ounces mostaccioli, or similar size, pasta', '1 pound lean ground beef', '1 onion, chopped', '1 (28 ounce) jar spaghetti sauce', '2 cups shredded mozzarella cheese', '1 (4 ounce) can mushrooms, drained']",['55 mins'],['8'],['40 mins'],['15 mins']
165,https://www.allrecipes.com/recipe/141169/easy-indian-butter-chicken,['MAIN DISHES'],"['1 cup butter, divided', '1 onion, minced', '1 tablespoon minced garlic', '1 (15 ounce) can tomato sauce', '3 cups heavy cream', '2 teaspoons salt', '1 teaspoon cayenne pepper', '1 teaspoon garam masala', '1 ½ pounds skinless, boneless chicken breast, cut into bite-sized chunks', '2 tablespoons vegetable oil', '2 tablespoons tandoori masala']",['1 hr'],['6'],['45 mins'],['15 mins']
166,https://www.allrecipes.com/recipe/88102/shrimp-with-penne-and-squash,['SEAFOOD'],"['2 tablespoons olive oil', '4 cups thinly sliced yellow squash', '3 cups thinly sliced zucchini', '1 pound medium shrimp, peeled and deveined', '¼ cup fresh lemon juice', '3 cloves garlic, minced', '1 teaspoon dried basil', '1 teaspoon dried oregano', '½ teaspoon salt', '¼ teaspoon ground black pepper', '½ pound dried penne pasta', '½ cup minced fresh chives or green onions', '¼ cup freshly grated Parmesan cheese']",['40 mins'],['5'],['20 mins'],['20 mins']
167,https://www.allrecipes.com/recipe/282124/honey-garlic-chicken-thighs,['MEAT AND POULTRY'],"['8 (5 ounce) boneless chicken thighs', 'salt and ground black pepper to taste', '2 tablespoons olive oil, or as needed', '½ medium onion, finely chopped', '7 cloves garlic, chopped, or to taste', '1 cup honey', '½ cup soy sauce', '1 pinch onion powder, or to taste', '1 pinch garlic powder, or to taste', '¼ cup chopped fresh cilantro']",['30 mins'],['8'],['20 mins'],['10 mins']
168,https://www.allrecipes.com/recipe/232546/easy-chicken-and-corn-chowder,"['SOUPS, STEWS AND CHILI RECIPES']","['½ cup butter', '1 small onion, finely diced', '1 small carrot, finely diced', '1 stalk celery, diced', '1 clove garlic, minced', '½ cup all-purpose flour', '4 russet potatoes, diced', '2 cooked rotisserie chicken breast halves, shredded', '1 ½ cups white corn kernels', '1 ½ cups yellow corn kernels', '4 cups chicken stock, divided', '2 ½ cups half-and-half', '1 pinch nutmeg', 'salt and ground black pepper to taste']",['1 hr'],['8'],['40 mins'],['20 mins']
169,https://www.allrecipes.com/recipe/99742/steamed-lobster-tails,['SEAFOOD'],"['1 tablespoon sea salt', '4 (6 ounce) lobster tails', '½ cup butter, melted']",['20 mins'],['4'],['15 mins'],['5 mins']
170,https://www.allrecipes.com/recipe/260809/chicken-soup-with-cabbage,"['SOUPS, STEWS AND CHILI RECIPES']","['6 quarts water, divided', '1 whole chicken, giblets removed', '5 carrots, chopped', '4 stalks celery, chopped', '1 medium onion, chopped', '2 cups chopped cabbage', '¼ cup white wine (Optional)', '2 tablespoons chicken bouillon granules', '2 tablespoons dried dill weed', '1 tablespoon butter, or to taste (Optional)', '1 tablespoon dried parsley', '1 tablespoon ground thyme', '2 cloves garlic, minced', '2 teaspoons ground white pepper', '2 bay leaves']",['40 mins'],['2 hrs 35 mins'],['1 hr 15 mins'],['40 mins']
171,https://www.allrecipes.com/recipe/73135/homestyle-potato-chips,['SNACKS'],"['4 medium Russet potatoes, peeled and sliced paper-thin', '3 tablespoons salt, plus more to taste', '1 quart oil for deep frying']",['1 hr'],['8'],['20 mins'],['40 mins']
172,https://www.allrecipes.com/recipe/8043/pig-pickin-cake,['CAKES'],"['1 (15.25 ounce) package yellow cake mix', '1 (11 ounce) can mandarin oranges with juice', '4 large eggs', '¼ cup vegetable oil', '1 (16 ounce) package frozen whipped topping, thawed', '1 (15 ounce) can crushed pineapple, drained', '1 (3.5 ounce) package instant vanilla pudding mix']",['45 mins'],['10'],['25 mins'],['20 mins']
173,https://www.allrecipes.com/recipe/8486795/crispy-garlic-crumb-steak,['MEAT AND POULTRY'],"['½ cup panko bread crumbs', '5 tablespoons olive oil, divided', '2 cloves garlic, crushed', '1 pound top-sirloin steak, trimmed', 'salt and freshly ground black pepper to taste']",['15 mins'],['2'],['5 mins'],['10 mins']
174,https://www.allrecipes.com/recipe/16849/chicken-spaghetti-iii,['MAIN DISHES'],"['1 (16 ounce) package spaghetti', '1 (10.5 ounce) can condensed cream of mushroom soup', '¾ pound processed cheese', '1 (10 ounce) can Rotel diced tomatoes with green chile peppers', '1 cup chopped green onion', '4 skinless, boneless chicken breast halves - boiled, cut into bite size pieces']",['35 mins'],['6'],['20 mins'],['15 mins']
175,https://www.allrecipes.com/recipe/282294/sausage-spanakopita-triangles,['EUROPEAN'],"['1 (16 ounce) package premium pork regular sausage (such as Jimmy Dean)', '1 (10 ounce) box frozen chopped spinach', '1 bunch green onions, chopped', '1 teaspoon red pepper flakes', '5 ounces ricotta cheese', '4 ounces feta cheese, crumbled', 'salt and ground black pepper to taste', '16 sheets phyllo dough, thawed', '1 cup unsalted butter, melted']",['1 hr 20 mins'],['16'],['35 mins'],['45 mins']
176,https://www.allrecipes.com/recipe/215622/tangy-apple-chicken-loaf,['MAIN DISHES'],"['3 tablespoons butter', '2 stalks celery, finely chopped', '1 onion, chopped', '1 teaspoon salt, divided', '1 carrot, grated', '1 apple, peeled, cored, and chopped', '1 ½ pounds ground chicken', '⅔ cup applesauce, divided', '½ cup dry bread crumbs', '1 large egg', '2 tablespoons milk', '2 teaspoons poultry seasoning', '1 teaspoon ground sage', '¼ teaspoon ground black pepper', '1 tablespoon Dijon mustard', '2 teaspoons honey']",['5 mins'],['1 hr 45 mins'],['1 hr 20 mins'],['20 mins']
177,https://www.allrecipes.com/recipe/279519/bread-and-butter-pudding,['DESSERTS'],"['8 slices stale bread', '½ cup butter, softened', '½ cup white sugar', '½ cup dried currants or raisins', '1 ¾ cups milk', '2 eggs', '1 pinch ground nutmeg']",['45 mins'],['6'],['30 mins'],['15 mins']
178,https://www.allrecipes.com/recipe/230546/tomalito-sweet-corn-pudding-or-cake,['VEGETABLES'],"['½ cup butter, softened', '⅓ cup masa harina', '¼ cup water', '2 cups frozen corn, thawed', '¼ cup cornmeal', '⅓ cup white sugar', '2 tablespoons heavy cream', '½ teaspoon baking powder', '¼ teaspoon salt']",['10 mins'],['1 hr 30 mins'],['50 mins'],['30 mins']
179,https://www.allrecipes.com/recipe/218436/sweet-washington-cherry-pie,['PIES'],"['2 cups pitted fresh dark sweet cherries, such as Bing or Lambert', '⅓ cup bottled cherry juice', '⅓ cup brown sugar', '⅓ cup white sugar', '¼ cup all-purpose flour', '¼ teaspoon almond extract', '1 pastry dough for a double-crust 9-inch pie', '1 tablespoon butter, cut into small chunks']",['15 mins'],['1 hr 30 mins'],['35 mins'],['40 mins']
180,https://www.allrecipes.com/recipe/234629/classic-cocktail-meatballs,['TRUSTED BRANDS: RECIPES AND TIPS'],"['2 pounds lean ground beef', '1 (6 ounce) package stuffing mix for chicken (such as Stove Top)', '1 cup water', '2 large eggs', '1 (12 ounce) jar grape jelly', '1 (12 ounce) bottle chili sauce']",['35 mins'],['25'],['15 mins'],['20 mins']
181,https://www.allrecipes.com/recipe/281843/butterscotch-cake-with-caramel-icing,['DESSERTS'],"['2 cups brown sugar', '½ cup unsalted butter, softened', '1 teaspoon vanilla extract', '2 large eggs', '2 cups all-purpose flour', '1 teaspoon baking soda', '1 teaspoon baking powder', '½ teaspoon salt', '1 cup buttermilk', '1 ½ cups brown sugar', '¼ cup unsalted butter', '¼ cup milk', '1 tablespoon all-purpose flour', '2 tablespoons unsalted butter', '1 teaspoon vanilla extract']",['35 mins'],['1 hr 20 mins'],['25 mins'],['20 mins']
182,https://www.allrecipes.com/recipe/239402/banana-oat-cottage-cheese-pancakes,['BREAKFAST AND BRUNCH'],"['½ cup gluten-free oats', '1 scoop protein powder (Optional)', '2 tablespoons brown sugar', '1 teaspoon ground cinnamon', '1 teaspoon baking powder', '1 banana', '½ cup cottage cheese', '2 large eggs', '1 teaspoon vanilla extract', 'water as needed']",['20 mins'],['5'],['10 mins'],['10 mins']
183,https://www.allrecipes.com/recipe/214943/bacon-and-blue-brussels-sprouts,['SIDE DISH'],"['4 strips bacon', '1 small red onion, thinly sliced', '¼ teaspoon salt', '¾ cup water', '1 teaspoon Dijon mustard', '1 pound Brussels sprouts, trimmed, halved lengthwise, and thinly sliced', '1 tablespoon apple cider vinegar', '½ cup crumbled Gorgonzola cheese, or to taste']",['30 mins'],['6'],['20 mins'],['10 mins']
184,https://www.allrecipes.com/recipe/235982/quick-potato-nachos,['APPETIZERS AND SNACKS'],"['1 ½ pounds russet potatoes, cut into 1/2-inch wedges', '1 ½ tablespoons vegetable oil', '1 teaspoon Mexican-style seasoning blend', '½ teaspoon garlic salt', '1 cup shredded Mexican cheese blend', '¼ cup rinsed and drained canned black beans', '¼ cup diced tomatoes', '¼ cup sliced black olives', '¼ cup sliced green onions', '3 tablespoons canned chopped green chiles']",['35 mins'],['4'],['25 mins'],['10 mins']
185,https://www.allrecipes.com/recipe/266826/air-fryer-potato-wedges,['SIDE DISH'],"['2 medium russet potatoes', '1 ½ tablespoons olive oil', '½ teaspoon ground paprika', '½ teaspoon parsley flakes', '½ teaspoon chili powder', '½ teaspoon sea salt', '⅛ teaspoon ground black pepper']",['35 mins'],['4'],['30 mins'],['5 mins']
186,https://www.allrecipes.com/recipe/233295/fondant-potatoes,['SIDE DISH'],"['3 large whole russet potatoes', '2 tablespoons high-heat-resistant vegetable oil, such as grapeseed oil', 'salt and ground black pepper to taste', '3 tablespoons butter', '4 sprigs thyme, plus more for garnish', '½ cup chicken broth, or more as needed']",['10 mins'],['1 hr 5 mins'],['40 mins'],['15 mins']
